PANEL,GROUP
CONSUMER ELECTRONICS,Calculators
CONSUMER ELECTRONICS,Battery
CONSUMER ELECTRONICS,Parts of Batteries
CONSUMER ELECTRONICS,Microwave Oven
CONSUMER ELECTRONICS,Audio / Video Machine
CONSUMER ELECTRONICS,Parts of Sound recording / reproducing apparatus
CONSUMER ELECTRONICS,Smart Cards
CONSUMER ELECTRONICS,Audio Video Storage Units
CONSUMER ELECTRONICS,Camera
CONSUMER ELECTRONICS,Two-in-one
CONSUMER ELECTRONICS,Radio Receivers
CONSUMER ELECTRONICS,Television
CONSUMER ELECTRONICS,Alarms
CONSUMER ELECTRONICS,CFL
CONSUMER ELECTRONICS,Watches and Clocks
CONSUMER ELECTRONICS,Time registers
CONSUMER ELECTRONICS,Video Games
CONSUMER ELECTRONICS,Cigarette Lighters
ELECTRONIC INSTRUMENTS,Photocopier
ELECTRONIC INSTRUMENTS,Facsimile machine
ELECTRONIC INSTRUMENTS,Parts of Printing/copying machinery
ELECTRONIC INSTRUMENTS,Electronic Typewriters
ELECTRONIC INSTRUMENTS,Cash Registers
ELECTRONIC INSTRUMENTS,Printer and copier
ELECTRONIC INSTRUMENTS,ATM
ELECTRONIC INSTRUMENTS,Invertor
ELECTRONIC INSTRUMENTS,Rectifier
ELECTRONIC INSTRUMENTS,Voltage Stabilizers
ELECTRONIC INSTRUMENTS,High Freequency Plastic Welding Machine
ELECTRONIC INSTRUMENTS,Insect Repellent
ELECTRONIC INSTRUMENTS,Loudspeakers / Microphones
ELECTRONIC INSTRUMENTS,PA System
ELECTRONIC INSTRUMENTS,PA System - Parts
ELECTRONIC INSTRUMENTS,Navigational instruments
ELECTRONIC INSTRUMENTS,Particle accelerators 
ELECTRONIC INSTRUMENTS,Signal Generators
ELECTRONIC INSTRUMENTS,Electroplating and similar machines
ELECTRONIC INSTRUMENTS,Detector
ELECTRONIC INSTRUMENTS,Audio Video machines / mixers
ELECTRONIC INSTRUMENTS,Solar Equipment
ELECTRONIC INSTRUMENTS,Beauty care Equipments
ELECTRONIC INSTRUMENTS,Microscopes
ELECTRONIC INSTRUMENTS,Parts of microscopes
ELECTRONIC INSTRUMENTS,Lasers
ELECTRONIC INSTRUMENTS,Surveying instruments
ELECTRONIC INSTRUMENTS,Parts of Surveying instruments
ELECTRONIC INSTRUMENTS,Electronic Balances
ELECTRONIC INSTRUMENTS,Medical Equipments
ELECTRONIC INSTRUMENTS,X ray equipments
ELECTRONIC INSTRUMENTS,Radiation equipments
ELECTRONIC INSTRUMENTS,Digital thermometers
ELECTRONIC INSTRUMENTS,Pyrometer
ELECTRONIC INSTRUMENTS,Physical or Chemical analysis equipments
ELECTRONIC INSTRUMENTS,Instrument to measure light
ELECTRONIC INSTRUMENTS,Other Measuring Instruments 
ELECTRONIC INSTRUMENTS,Oscilloscopes
ELECTRONIC INSTRUMENTS,Meters
ELECTRONIC INSTRUMENTS,Instrument for semiconductor checking
ELECTRONIC INSTRUMENTS,Parts of Meters and counters
ELECTRONIC INSTRUMENTS,Automatic electricity regulators or controlers
ELECTRONIC INSTRUMENTS,Parts and accessories of automatic regulating instruments
ELECTRONIC COMPONENTS,Ink cartridge and parts
ELECTRONIC COMPONENTS,Motors
ELECTRONIC COMPONENTS,Ballasts
ELECTRONIC COMPONENTS,Transformers
ELECTRONIC COMPONENTS,Inductors
ELECTRONIC COMPONENTS,Parts of transformers
ELECTRONIC COMPONENTS,Electro Magnets
ELECTRONIC COMPONENTS,Electro Magnets - Parts
ELECTRONIC COMPONENTS,Electronic magnetos
ELECTRONIC COMPONENTS,Display panels
ELECTRONIC COMPONENTS,Parts of Display Panel
ELECTRONIC COMPONENTS,Capacitor
ELECTRONIC COMPONENTS,Parts of Capacitors
ELECTRONIC COMPONENTS,Resistors
ELECTRONIC COMPONENTS,Variable Resistors
ELECTRONIC COMPONENTS,Parts of variable resistors
ELECTRONIC COMPONENTS,Electronic Fuses
ELECTRONIC COMPONENTS,Relays
ELECTRONIC COMPONENTS,Connectors
ELECTRONIC COMPONENTS,Ultra Violet - ARC-Lamps
ELECTRONIC COMPONENTS,LED Lamps
ELECTRONIC COMPONENTS,Parts of Lamps
ELECTRONIC COMPONENTS,Picture Tube
ELECTRONIC COMPONENTS,Microwave Tubes
ELECTRONIC COMPONENTS,Other valves and tube
ELECTRONIC COMPONENTS,Parts of Picture Tubes
ELECTRONIC COMPONENTS,Diodes
ELECTRONIC COMPONENTS,Transistors
ELECTRONIC COMPONENTS,Thyristors
ELECTRONIC COMPONENTS,Photocells
ELECTRONIC COMPONENTS,Piezo Electric Crystals
ELECTRONIC COMPONENTS,Parts of Photocells
ELECTRONIC COMPONENTS,Integrated Circuits
ELECTRONIC COMPONENTS,Parts of Integrated Circuits
ELECTRONIC COMPONENTS,Co-axial cable
ELECTRONIC COMPONENTS,Discharge Lamps
ELECTRONIC COMPONENTS,LCD
ELECTRONIC COMPONENTS,Parts of LCD
ELECTRONIC COMPONENTS,Parts of Hearing Aids
ELECTRONIC COMPONENTS,X ray tubes
ELECTRONIC COMPONENTS,Parts of X Ray equiments
ELECTRONIC COMPONENTS,Parts of Measuring Instruments 
ELECTRONIC COMPONENTS,Parts of Watches and Clocks
COMPUTER HARDWARE,Personal Computer
COMPUTER HARDWARE,Parts of PC
COMPUTER HARDWARE,Printer 
COMPUTER HARDWARE,Peripherals
COMPUTER HARDWARE,Storage Units
COMPUTER HARDWARE,Parts of Calculators
COMPUTER HARDWARE,PC cards
COMPUTER HARDWARE,Monitor
COMPUTER HARDWARE,Projectors
COMPUTER SOFTWARE,Software
TELECOM EQUIPMENTS,Telephone sets
TELECOM EQUIPMENTS,Mobile phones
TELECOM EQUIPMENTS,Telecom Transmission or Reception apparatus
TELECOM EQUIPMENTS,Parts of transmission / reception apparatus
TELECOM EQUIPMENTS,Radio / TV transmission apparatus
TELECOM EQUIPMENTS,Jamming Equipment
TELECOM EQUIPMENTS,Satellite communication equipment
TELECOM EQUIPMENTS,Satellite communication equip ment
TELECOM EQUIPMENTS,Radar Apparatus
TELECOM EQUIPMENTS,Radio Communication Receiver
TELECOM EQUIPMENTS,Dish Antenna
TELECOM EQUIPMENTS,Aerials or Antenna 
TELECOM EQUIPMENTS,Optical Fibre Cable
